{
  "bubble_sort": {
    "execution_time": {
      "ascending": [
        0.5402565002441406,
        48.08998107910156,
        1162.3356342315674,
        41852.736711502075,
        118085.14595031738,
        515300.18639564514,
        1116323.2679367065,
        1998711.9462490082
      ],
      "descending": [
        0.7872581481933594,
        96.6789722442627,
        2344.8472023010254,
        83825.39200782776,
        256084.10549163818,
        1089973.016500473,
        2305499.0558624268,
        4116351.4127731323
      ],
      "random": [
        0.6024837493896484,
        70.46675682067871,
        1780.097484588623,
        64898.019790649414,
        206432.5098991394,
        975274.3968963623,
        1813859.6458435059,
        3231814.172744751
      ]
    },
    "comparisons": {
      "ascending": [
        4950,
        499500,
        12497500,
        449985000,
        1249975000,
        4999950000,
        11249925000,
        19999900000
      ],
      "descending": [
        4950,
        499500,
        12497500,
        449985000,
        1249975000,
        4999950000,
        11249925000,
        19999900000
      ],
      "random": [
        4950,
        499500,
        12497500,
        449985000,
        1249975000,
        4999950000,
        11249925000,
        19999900000
      ]
    }
  },
  "insertion_sort": {
    "execution_time": {
      "ascending": [
        0.013113021850585938,
        0.133514404296875,
        0.637054443359375,
        3.985166549682617,
        6.398677825927734,
        13.13638687133789,
        20.512819290161133,
        26.316404342651367
      ],
      "descending": [
        0.5884170532226562,
        62.50262260437012,
        1601.6762256622314,
        59574.80764389038,
        166140.83671569824,
        674774.7824192047,
        1545844.5644378662,
        2852317.329645157
      ],
      "random": [
        0.3228187561035156,
        32.41586685180664,
        837.6538753509521,
        30632.00616836548,
        83159.46578979492,
        351212.82958984375,
        863389.8394107819,
        1689557.4662685394
      ]
    },
    "comparisons": {
      "ascending": [
        0,
        0,
        0,
        0,
        0,
        0,
        0,
        0
      ],
      "descending": [
        4950,
        499500,
        12497500,
        449985000,
        1249975000,
        4999950000,
        11249925000,
        19999900000
      ],
      "random": [
        2638,
        248900,
        6193245,
        225523619,
        628873244,
        2503496208,
        5618926341,
        10005037474
      ]
    }
  },
  "merge_sort": {
    "execution_time": {
      "ascending": [
        0.3127257029215495,
        3.4035046895345054,
        17.298380533854168,
        121.0327943166097,
        212.65586217244467,
        438.45367431640625,
        685.413678487142,
        924.1639773050944
      ],
      "descending": [
        0.2224445343017578,
        2.9505093892415366,
        17.352978388468426,
        120.23146947224934,
        208.27015240987143,
        437.3784859975179,
        673.6512184143066,
        917.6713625590006
      ],
      "random": [
        0.22991498311360678,
        3.016789754231771,
        17.66689618428548,
        121.79843584696452,
        209.88639195760092,
        448.6141999562581,
        703.8471698760986,
        953.3772468566895
      ]
    },
    "comparisons": {
      "ascending": [
        672,
        9976,
        61808,
        447232,
        784464,
        1668928,
        2587856,
        3537856
      ],
      "descending": [
        672,
        9976,
        61808,
        447232,
        784464,
        1668928,
        2587856,
        3537856
      ],
      "random": [
        672,
        9976,
        61808,
        447232,
        784464,
        1668928,
        2587856,
        3537856
      ]
    }
  },
  "heapsort": {
    "execution_time": {
      "ascending": [
        0.2384185791015625,
        3.7620862325032554,
        23.84630839029948,
        174.80007807413736,
        309.60575739542645,
        665.0762557983398,
        1041.871150334676,
        1409.800132115682
      ],
      "descending": [
        0.2105236053466797,
        3.3026536305745444,
        21.9723383585612,
        164.1839345296224,
        285.74951489766437,
        603.7894090016683,
        977.3415724436442,
        1313.859224319458
      ],
      "random": [
        0.22029876708984375,
        3.5080909729003906,
        22.585471471150715,
        170.53810755411783,
        303.2694657643636,
        718.3470726013184,
        1143.2342529296875,
        1582.9376379648845
      ]
    },
    "comparisons": {
      "ascending": [
        891,
        15601,
        102142,
        766369,
        1355458,
        2912539,
        4538930,
        6226936
      ],
      "descending": [
        845,
        14966,
        98228,
        745688,
        1316048,
        2826641,
        4421171,
        6056304
      ],
      "random": [
        863,
        14965,
        98268,
        744029,
        1315540,
        2831463,
        4418000,
        6062958
      ]
    }
  },
  "quick_sort": {
    "execution_time": {
      "ascending": [
        0.13740857442220053,
        1.8644332885742188,
        11.253992716471354,
        78.39377721150716,
        134.36015446980795,
        283.95334879557294,
        455.1388422648112,
        590.6390349070231
      ],
      "descending": [
        0.1445611317952474,
        1.9296805063883464,
        13.760725657145182,
        77.39782333374023,
        132.0803165435791,
        287.29748725891113,
        439.3632411956787,
        586.937665939331
      ],
      "random": [
        0.13399124145507812,
        1.9456545511881511,
        11.926094690958658,
        81.66670799255371,
        171.55885696411133,
        309.1227213541667,
        512.2102101643881,
        645.2861626942953
      ]
    },
    "comparisons": {
      "ascending": [
        608.3333333333334,
        10709,
        71693.66666666667,
        538750.3333333334,
        926391,
        2005189.3333333333,
        3228714.6666666665,
        4263453.666666667
      ],
      "descending": [
        699.3333333333334,
        11415,
        71547.33333333333,
        530474.3333333334,
        920885.6666666666,
        2066622.6666666667,
        3112643.6666666665,
        4116336
      ],
      "random": [
        644.6666666666666,
        10990.666666666666,
        71194.66666666667,
        539407.6666666666,
        972974.3333333334,
        1962050.3333333333,
        3322267.3333333335,
        4170561.3333333335
      ]
    }
  }
}